Date,Pixel 1,Pixel 2,Pixel 3,Pixel 4,Pixel 5,Pixel 6,Pixel 7,Pixel 8,Pixel 9,Pixel 10,Pixel 11,Pixel 12,Pixel 13,Pixel 14,Pixel 15,Pixel 16,Pixel 17,Pixel 18,Pixel 19,Pixel 20,Pixel 21,Pixel 22,Pixel 23,Pixel 24,Pixel 25,Pixel 26,Pixel 27,Pixel 28,Pixel 29,Pixel 30,Pixel 31,Pixel 32,Pixel 33,Pixel 34,Pixel 35,Pixel 36,Pixel 37,Pixel 38,Pixel 39,Pixel 40,Pixel 41,Pixel 42,Pixel 43,Pixel 44
19/08/2017,-0.001544,-0.000333,0.001761,0.000884,-0.00096,-0.00585,0.004808,0.001001,-0.000651,0.000884,-0.00096,-0.001741,0.001309,0.000242,0.001001,-0.000651,0.004072,0.004072,-0.001833,-0.000949,0.000242,0.003865,0.004879,0.002018,-0.000239,-0.001833,-0.000949,0.002042,0.004203,0.001943,0.002018,-0.000239,0.000363,-0.001722,0.004203,0.001943,-0.000907,0.001865,-0.000381,-0.001512,0.000019,0.001058,0.002377,-0.000613
31/08/2017,-0.000326,-0.00304,-0.000388,-0.005827,-0.000265,-0.004835,0.000871,0.001615,-0.001757,-0.005827,-0.000265,-0.001547,-0.002264,0.000178,0.001615,-0.001757,0.000091,0.000091,0.001325,0.000383,0.000178,0.000232,0.00145,-0.002284,-0.000808,0.001325,0.000383,-0.000293,0.000621,0.001115,-0.002284,-0.000808,-0.000925,-0.001243,0.000621,0.001115,0.001996,-0.001219,-0.000032,0.00115,-0.001662,0.003659,-0.002775,0.003337
12/09/2017,-0.000646,-0.000842,0.000047,0.004234,0.002353,0.002062,-0.000238,-0.001199,0.003565,0.004234,0.002353,0.001174,0.007281,-0.000525,-0.001199,0.003565,0.00229,0.00229,0.001836,0.001696,-0.000525,0.000742,0.001028,-0.000317,0.000127,0.001836,0.001696,-0.000694,0.002026,0.001748,-0.000317,0.000127,0.001328,0.002363,0.002026,0.001748,0.000269,0.000751,-0.0017,0.00255,0.002587,0.001793,-0.001383,0.00111
24/09/2017,-0.002854,0.001963,0.000028,0.002261,0.003724,0.004994,0.001221,-0.006345,0.001655,0.002261,0.003724,0.00105,0.00264,-0.000533,-0.006345,0.001655,-0.003961,-0.003961,0.002263,0.002703,-0.000533,0.00119,-0.001677,0.00264,0.006793,0.002263,0.002703,0.004195,0.003967,0.001106,0.00264,0.006793,0.003295,0.00407,0.003967,0.001106,0.006866,-0.000075,0.001839,0.002896,0.001071,0.004545,0.001096,0.000349
6/10/2017,0.000325,-0.002356,0.001707,0.002123,0.000585,0.001063,-0.000225,0.000053,0.002004,0.002123,0.000585,0.002264,-0.001285,0.00089,0.000053,0.002004,0.000769,0.000769,0.001613,-0.001778,0.00089,0.000487,-0.005758,-0.000019,0.000889,0.001613,-0.001778,-0.000047,-0.001537,-0.000474,-0.000019,0.000889,-0.000662,-0.000336,-0.001537,-0.000474,-0.005124,-0.000103,0.003516,-0.001332,-0.000087,-0.000704,0.000585,-0.000927
18/10/2017,0.000478,-0.000904,-0.002615,0.001139,0.003161,-0.000447,-0.002224,-0.002791,-0.005865,0.001139,0.003161,-0.000067,0.000437,-0.000821,-0.002791,-0.005865,-0.005047,-0.005047,-0.003517,-0.000542,-0.000821,-0.004581,-0.002627,-0.005045,-0.002899,-0.003517,-0.000542,0.000661,-0.003311,-0.001256,-0.005045,-0.002899,-0.000563,0.003151,-0.003311,-0.001256,-0.001342,0.000835,-0.001985,-0.001767,-0.003984,-0.00204,-0.000519,-0.005873
30/10/2017,-0.004728,-0.006238,-0.003353,-0.00088,-0.002716,-0.000617,-0.001546,-0.00232,-0.001065,-0.00088,-0.002716,-0.001566,-0.007028,-0.000257,-0.00232,-0.001065,-0.002297,-0.002297,-0.004245,-0.003089,-0.000257,-0.000692,0.000289,-0.003459,-0.004238,-0.004245,-0.003089,-0.004324,-0.001511,-0.001823,-0.003459,-0.004238,0.000483,-0.003225,-0.001511,-0.001823,-0.002459,-0.00083,-0.002837,-0.004446,-0.003287,-0.003099,0.001033,-0.001743
11/11/2017,-0.005982,-0.003139,-0.005756,-0.003959,-0.005703,-0.009669,-0.00459,-0.006499,-0.006068,-0.003959,-0.005703,-0.004448,-0.000324,-0.00197,-0.006499,-0.006068,-0.004958,-0.004958,-0.004336,-0.003199,-0.00197,-0.006792,-0.007648,-0.003286,-0.003484,-0.004336,-0.003199,-0.002302,-0.003428,-0.004175,-0.003286,-0.003484,-0.004406,-0.002709,-0.003428,-0.004175,-0.004364,-0.009168,-0.005333,-0.010323,-0.002572,-0.002518,-0.003762,-0.006864
23/11/2017,-0.004178,-0.006799,-0.004876,-0.00654,-0.005161,-0.008626,-0.005695,-0.006023,-0.007461,-0.00654,-0.005161,-0.006018,-0.009161,-0.003901,-0.006023,-0.007461,-0.004064,-0.004064,-0.008494,-0.00364,-0.003901,-0.007097,-0.000544,-0.005487,-0.005572,-0.008494,-0.00364,-0.003806,-0.001415,-0.004046,-0.005487,-0.005572,-0.002108,0.000299,-0.001415,-0.004046,-0.008,-0.005085,-0.00534,-0.006526,-0.003087,-0.002132,-0.000954,-0.005342
5/12/2017,0.000748,0.000281,-0.003243,0.001266,-0.001822,0.000017,-0.002329,0.000873,-0.002694,0.001266,-0.001822,0.000332,-0.000164,-0.001362,0.000873,-0.002694,-0.000197,-0.000197,0.000066,-0.002248,-0.001362,-0.004287,0.000538,0.001249,-0.003219,0.000066,-0.002248,-0.000968,-0.00175,-0.001799,0.001249,-0.003219,-0.004517,-0.003554,-0.00175,-0.001799,-0.000663,-0.00094,-0.002214,-0.004425,-0.002489,-0.000951,0.000057,-0.002758
17/12/2017,-0.002006,0.004358,0.000066,0.000019,-0.002033,-0.003444,-0.000483,0.003442,0.004867,0.000019,-0.002033,-0.002867,-0.002259,-0.000098,0.003442,0.004867,-0.002873,-0.002873,-0.002487,0.001921,-0.000098,-0.00058,0.000294,0.004212,-0.002038,-0.002487,0.001921,-0.001747,0.00064,0.001567,0.004212,-0.002038,-0.001037,0.003835,0.00064,0.001567,0.000266,0.002828,0.001008,0.003213,0.0003,0.001136,0.000334,-0.003277
29/12/2017,-0.005933,-0.001564,-0.004471,-0.006993,-0.005843,-0.006372,-0.001563,-0.003417,-0.000656,-0.006993,-0.005843,-0.0056,-0.00633,-0.002189,-0.003417,-0.000656,-0.005382,-0.005382,-0.004189,-0.001026,-0.002189,-0.00455,-0.005092,-0.001685,-0.000861,-0.004189,-0.001026,-0.004278,-0.001951,-0.002827,-0.001685,-0.000861,-0.003791,-0.004205,-0.001951,-0.002827,-0.001734,-0.003595,-0.001512,-0.003532,-0.002007,-0.003954,-0.004008,-0.006818
10/01/2018,0.000996,-0.000818,-0.00322,0.001124,-0.001137,0.001262,-0.001666,-0.002894,0.001318,0.001124,-0.001137,-0.004756,-0.001193,-0.002269,-0.002894,0.001318,-0.004856,-0.004856,-0.003576,-0.00173,-0.002269,-0.002573,0.000034,0.000805,-0.004145,-0.003576,-0.00173,-0.004005,-0.000205,-0.002004,0.000805,-0.004145,-0.004,-0.000258,-0.000205,-0.002004,-0.003291,-0.003047,-0.00259,-0.002167,-0.001984,-0.001293,-0.001448,-0.004262
22/01/2018,-0.001824,-0.001881,-0.006739,-0.002127,-0.004437,-0.00185,-0.001003,-0.001689,-0.004043,-0.002127,-0.004437,-0.00414,-0.003599,-0.000656,-0.001689,-0.004043,-0.004176,-0.004176,-0.004843,-0.000825,-0.000656,-0.005406,-0.005452,-0.00641,-0.002235,-0.004843,-0.000825,-0.003198,-0.000753,-0.002408,-0.00641,-0.002235,-0.005365,-0.003303,-0.000753,-0.002408,-0.001688,-0.003402,-0.002855,-0.004041,-0.001394,-0.000597,0.001249,-0.002319
3/02/2018,-0.004107,-0.005174,-0.005384,-0.005256,-0.003414,-0.002621,-0.005248,-0.005953,-0.001273,-0.005256,-0.003414,-0.005539,0.000934,-0.003239,-0.005953,-0.001273,-0.007428,-0.007428,-0.002532,-0.003289,-0.003239,-0.005839,-0.0013,-0.005366,-0.002893,-0.002532,-0.003289,-0.005828,-0.00517,-0.005525,-0.005366,-0.002893,-0.004037,-0.000095,-0.00517,-0.005525,-0.00143,-0.001018,-0.003635,-0.003553,-0.001644,-0.004147,-0.001266,-0.003683
15/02/2018,-0.004603,-0.004712,-0.001489,-0.000927,0.002043,-0.002536,-0.006448,-0.000883,-0.003472,-0.000927,0.002043,-0.006206,-0.000892,-0.003758,-0.000883,-0.003472,-0.000867,-0.000867,-0.004738,-0.004222,-0.003758,-0.003596,-0.004414,-0.005108,-0.006428,-0.004738,-0.004222,-0.004779,-0.00166,-0.005286,-0.005108,-0.006428,-0.004867,-0.000008,-0.00166,-0.005286,-0.002177,-0.004961,-0.002517,-0.00605,-0.002262,-0.003238,-0.002231,-0.002082
27/02/2018,-0.003147,-0.002396,-0.003862,-0.002963,-0.001504,-0.005174,-0.003428,-0.002047,-0.000189,-0.002963,-0.001504,-0.003065,-0.002865,-0.001897,-0.002047,-0.000189,-0.001553,-0.001553,-0.004071,-0.000767,-0.001897,-0.003368,-0.004048,-0.001938,-0.002045,-0.004071,-0.000767,0.000111,-0.000039,-0.002043,-0.001938,-0.002045,-0.001826,0.000668,-0.000039,-0.002043,-0.00357,0.001015,0.000343,-0.002031,-0.000293,-0.00004,0.000119,0.000204
11/03/2018,-0.007425,-0.00599,-0.010333,-0.004532,-0.004671,-0.004578,-0.008479,-0.006723,-0.003292,-0.004532,-0.004671,-0.004997,-0.009913,-0.004434,-0.006723,-0.003292,-0.00402,-0.00402,-0.005249,-0.00261,-0.004434,-0.00555,-0.004693,-0.006573,-0.006126,-0.005249,-0.00261,-0.0019,-0.00292,-0.005551,-0.006573,-0.006126,-0.004221,-0.004377,-0.00292,-0.005551,-0.006796,-0.001213,-0.003097,-0.000307,-0.002224,-0.003931,-0.006842,-0.003106
23/03/2018,-0.002648,-0.002938,-0.005004,-0.004524,-0.001992,-0.005325,-0.008508,0.000153,-0.003625,-0.004524,-0.001992,-0.00459,-0.006054,-0.006809,0.000153,-0.003625,-0.004279,-0.004279,-0.002367,-0.00174,-0.006809,-0.007848,-0.001232,-0.00349,-0.006748,-0.002367,-0.00174,-0.006382,-0.004323,-0.006061,-0.00349,-0.006748,-0.00481,-0.004503,-0.004323,-0.006061,-0.003998,-0.006441,-0.003294,-0.004897,-0.003132,-0.004054,-0.001084,-0.000812
4/04/2018,-0.00615,-0.005501,-0.004933,-0.002703,-0.003223,-0.004453,-0.004389,-0.003611,-0.003037,-0.002703,-0.003223,-0.002477,-0.00269,-0.004491,-0.003611,-0.003037,-0.005441,-0.005441,-0.003905,-0.001708,-0.004491,-0.003108,-0.005682,-0.002937,-0.004619,-0.003905,-0.001708,-0.00431,-0.00432,-0.005708,-0.002937,-0.004619,-0.002485,-0.004906,-0.00432,-0.005708,-0.004809,-0.003761,-0.004475,-0.00624,-0.00388,-0.002134,-0.007985,-0.008457
16/04/2018,-0.002356,-0.002332,-0.007763,-0.007932,-0.004295,-0.003043,-0.004487,-0.004136,-0.003177,-0.007932,-0.004295,-0.004373,-0.001861,-0.00358,-0.004136,-0.003177,-0.004598,-0.004598,-0.001082,-0.00205,-0.00358,-0.006576,-0.003102,-0.004896,-0.007015,-0.001082,-0.00205,-0.00473,-0.006118,-0.006915,-0.004896,-0.007015,-0.001296,-0.000452,-0.006118,-0.006915,-0.002764,-0.006463,-0.004302,-0.006835,-0.005843,-0.002513,-0.004728,-0.005459
28/04/2018,-0.002475,-0.004605,-0.004309,-0.007604,-0.006588,-0.004601,-0.002617,-0.006021,-0.011124,-0.007604,-0.006588,-0.002011,-0.001113,-0.00541,-0.006021,-0.011124,-0.00522,-0.00522,0.001131,-0.005016,-0.00541,-0.001524,-0.002813,-0.008209,-0.002357,0.001131,-0.005016,-0.00254,-0.001105,-0.001739,-0.008209,-0.002357,-0.008185,-0.002392,-0.001105,-0.001739,-0.000667,-0.001438,-0.00368,-0.008891,-0.002519,-0.001534,-0.003066,-0.007204
10/05/2018,0.000446,-0.006122,-0.006352,-0.005759,-0.002682,-0.000481,-0.004297,-0.0086,-0.00305,-0.005759,-0.002682,-0.005573,-0.003194,-0.004688,-0.0086,-0.00305,-0.007503,-0.007503,-0.001851,-0.005491,-0.004688,-0.005654,-0.005323,-0.003878,0.000747,-0.001851,-0.005491,-0.003537,-0.00201,-0.000936,-0.003878,0.000747,-0.004981,0.000232,-0.00201,-0.000936,-0.002664,-0.002767,-0.003161,-0.004485,-0.002973,0.000156,0.000328,-0.004943
22/05/2018,-0.001442,-0.007207,-0.005314,-0.004115,-0.001816,-0.003938,-0.00765,-0.006747,-0.006534,-0.004115,-0.001816,-0.007715,-0.001677,-0.006358,-0.006747,-0.006534,-0.002971,-0.002971,-0.003742,-0.002209,-0.006358,-0.008454,-0.002402,-0.003721,-0.004556,-0.003742,-0.002209,-0.006521,-0.005208,-0.005671,-0.003721,-0.004556,-0.00422,-0.001275,-0.005208,-0.005671,-0.004666,-0.005151,-0.004565,-0.00861,-0.002761,-0.000835,-0.000987,-0.004631
3/06/2018,-0.007235,-0.004227,-0.007704,-0.005528,-0.004669,-0.004816,-0.007207,-0.005597,-0.006887,-0.005528,-0.004669,-0.005922,-0.005542,-0.005623,-0.005597,-0.006887,-0.006866,-0.006866,-0.004517,-0.001352,-0.005623,-0.008512,-0.007176,-0.002949,-0.0056,-0.004517,-0.001352,-0.005963,-0.006562,-0.006266,-0.002949,-0.0056,-0.005826,-0.000252,-0.006562,-0.006266,-0.005578,-0.003171,-0.004575,-0.006981,-0.00457,-0.006678,-0.002317,-0.003905
15/06/2018,-0.004476,-0.006565,-0.008071,-0.008529,-0.004211,-0.00754,-0.00834,-0.00797,-0.007074,-0.008529,-0.004211,-0.005505,-0.0059,-0.007097,-0.00797,-0.007074,-0.007474,-0.007474,-0.006541,-0.00516,-0.007097,-0.007349,-0.003046,-0.008105,-0.005844,-0.006541,-0.00516,-0.004848,-0.005119,-0.003954,-0.008105,-0.005844,-0.007996,-0.004758,-0.005119,-0.003954,-0.001109,-0.009332,-0.007637,-0.010666,-0.007094,-0.006071,-0.002805,-0.008967
27/06/2018,-0.004332,-0.006076,-0.006908,-0.008848,-0.007361,-0.002226,-0.005816,-0.006213,-0.008127,-0.008848,-0.007361,-0.006994,-0.006982,-0.004611,-0.006213,-0.008127,-0.005996,-0.005996,-0.002836,-0.00245,-0.004611,-0.007225,-0.005477,-0.005169,-0.00395,-0.002836,-0.00245,-0.003273,-0.007372,-0.005283,-0.005169,-0.00395,-0.008259,-0.002392,-0.007372,-0.005283,-0.008831,-0.002638,-0.005201,-0.0103,-0.005509,-0.002908,-0.001308,-0.007086
9/07/2018,-0.008583,-0.011013,-0.011142,-0.009151,-0.008318,-0.007697,-0.010665,-0.013071,-0.00984,-0.009151,-0.008318,-0.00697,-0.00842,-0.0088,-0.013071,-0.00984,-0.010658,-0.010658,-0.008486,-0.009024,-0.0088,-0.010173,-0.005807,-0.011051,-0.010011,-0.008486,-0.009024,-0.007377,-0.007829,-0.006594,-0.011051,-0.010011,-0.005759,-0.006008,-0.007829,-0.006594,-0.011758,-0.003205,-0.005648,-0.012056,-0.006248,-0.005527,-0.004566,-0.007696
21/07/2018,-0.00673,-0.008964,-0.009605,-0.009811,-0.007671,-0.004296,-0.01131,-0.010713,-0.006374,-0.009811,-0.007671,-0.002823,-0.006366,-0.007178,-0.010713,-0.006374,-0.008465,-0.008465,-0.002501,-0.005447,-0.007178,-0.005109,-0.010291,-0.00464,-0.005489,-0.002501,-0.005447,-0.004957,-0.006119,-0.002937,-0.00464,-0.005489,-0.007611,-0.003179,-0.006119,-0.002937,-0.004147,-0.000826,-0.006377,-0.008624,-0.005858,-0.001949,-0.00248,-0.005929
2/08/2018,-0.005941,-0.003536,-0.004554,-0.00379,-0.00148,-0.007164,-0.008171,-0.002572,-0.00844,-0.00379,-0.00148,-0.005295,-0.006982,-0.00726,-0.002572,-0.00844,-0.003851,-0.003851,-0.006698,-0.004392,-0.00726,-0.006026,-0.008958,-0.007665,-0.007467,-0.006698,-0.004392,-0.005092,-0.007345,-0.006037,-0.007665,-0.007467,-0.008471,-0.00357,-0.007345,-0.006037,-0.007491,-0.005865,-0.007877,-0.01076,-0.01322,-0.005879,-0.004429,-0.013022
14/08/2018,-0.009029,-0.0091,-0.00795,-0.007,-0.007316,-0.007119,-0.007925,-0.004974,-0.003818,-0.007,-0.007316,-0.005984,-0.005037,-0.008766,-0.004974,-0.003818,-0.008425,-0.008425,-0.00572,-0.001628,-0.008766,-0.008612,-0.006159,-0.007615,-0.00728,-0.00572,-0.001628,-0.006709,-0.00616,-0.005147,-0.007615,-0.00728,-0.00816,-0.005655,-0.00616,-0.005147,-0.011602,-0.003729,-0.005757,-0.009009,-0.005969,-0.003951,-0.00521,-0.007218
26/08/2018,-0.005747,-0.008228,-0.007997,-0.006623,-0.005147,-0.008674,-0.010524,-0.00888,-0.004185,-0.006623,-0.005147,-0.00804,-0.003493,-0.00817,-0.00888,-0.004185,-0.010257,-0.010257,-0.00987,-0.003457,-0.00817,-0.008639,-0.008519,-0.008381,-0.007692,-0.00987,-0.003457,-0.006246,-0.009226,-0.005635,-0.008381,-0.007692,-0.008858,-0.005183,-0.009226,-0.005635,0.000902,-0.006365,-0.006913,-0.010293,-0.006939,-0.003604,-0.002432,-0.008934
7/09/2018,-0.008291,-0.005559,-0.00633,-0.004376,-0.002734,-0.007534,-0.005164,-0.010963,-0.008657,-0.004376,-0.002734,-0.007047,-0.002947,-0.006233,-0.010963,-0.008657,-0.005557,-0.005557,-0.005462,-0.003106,-0.006233,-0.007419,-0.006484,-0.008852,-0.005535,-0.005462,-0.003106,-0.003176,-0.007707,-0.005459,-0.008852,-0.005535,-0.004058,-0.001367,-0.007707,-0.005459,-0.005321,-0.004725,-0.005756,-0.009449,-0.006511,-0.00397,0.000053,-0.00867
19/09/2018,-0.007755,-0.00564,-0.011305,-0.00871,-0.004546,-0.006571,-0.008263,-0.00913,-0.007916,-0.00871,-0.004546,-0.009378,-0.006411,-0.010153,-0.00913,-0.007916,-0.009539,-0.009539,-0.008188,-0.004424,-0.010153,-0.012259,-0.006517,-0.007917,-0.010861,-0.008188,-0.004424,-0.007541,-0.007347,-0.006769,-0.007917,-0.010861,-0.009632,-0.009174,-0.007347,-0.006769,-0.008675,-0.013675,-0.012298,-0.014275,-0.009267,-0.009336,-0.006055,-0.011693
1/10/2018,-0.005483,-0.005118,-0.011278,-0.007154,-0.007145,-0.003819,-0.009149,-0.006086,-0.005824,-0.007154,-0.007145,-0.009541,-0.003415,-0.006117,-0.006086,-0.005824,-0.010272,-0.010272,-0.009215,-0.003519,-0.006117,-0.010917,-0.005839,-0.00723,-0.010525,-0.009215,-0.003519,-0.006211,-0.006585,-0.006033,-0.00723,-0.010525,-0.006454,-0.006884,-0.006585,-0.006033,-0.008761,-0.010076,-0.00938,-0.011435,-0.00828,-0.007235,-0.004536,-0.008036
13/10/2018,-0.007864,-0.011677,-0.012638,-0.008089,-0.00671,-0.011143,-0.009043,-0.009823,-0.009258,-0.008089,-0.00671,-0.005949,-0.009676,-0.006958,-0.009823,-0.009258,-0.009481,-0.009481,-0.011208,-0.005328,-0.006958,-0.009788,-0.009989,-0.008888,-0.007951,-0.011208,-0.005328,-0.006246,-0.003459,-0.007868,-0.008888,-0.007951,-0.007653,-0.004633,-0.003459,-0.007868,-0.005679,-0.003332,-0.00694,-0.010338,-0.005936,-0.007244,-0.001901,-0.008614
25/10/2018,-0.007272,-0.006687,-0.007573,-0.004703,-0.005744,-0.009552,-0.005106,-0.006874,-0.005009,-0.004703,-0.005744,-0.003736,-0.00245,-0.007676,-0.006874,-0.005009,-0.006288,-0.006288,-0.008636,-0.00179,-0.007676,-0.007743,-0.007097,-0.010469,-0.005288,-0.008636,-0.00179,-0.010221,-0.003314,-0.004518,-0.010469,-0.005288,-0.00643,-0.002041,-0.003314,-0.004518,-0.004105,-0.007322,-0.003482,-0.010061,-0.007982,-0.000863,-0.004268,-0.008789
6/11/2018,-0.009101,-0.005895,-0.009799,-0.003886,-0.005524,-0.007059,-0.005591,-0.009018,-0.008564,-0.003886,-0.005524,-0.006804,-0.005671,-0.005215,-0.009018,-0.008564,-0.007452,-0.007452,-0.0044,-0.003803,-0.005215,-0.007316,-0.00259,-0.004626,-0.003894,-0.0044,-0.003803,-0.004133,-0.003839,-0.004229,-0.004626,-0.003894,-0.008528,0.001439,-0.003839,-0.004229,-0.001323,-0.001555,-0.00202,-0.009475,-0.006134,-0.000955,-0.003273,-0.013128
18/11/2018,-0.012299,-0.014798,-0.015293,-0.009203,-0.013082,-0.011299,-0.011465,-0.011023,-0.007987,-0.009203,-0.013082,-0.015461,-0.008637,-0.007048,-0.011023,-0.007987,-0.009433,-0.009433,-0.010707,-0.008466,-0.007048,-0.013641,-0.011012,-0.010026,-0.013882,-0.010707,-0.008466,-0.009851,-0.010338,-0.007704,-0.010026,-0.013882,-0.009183,-0.006446,-0.010338,-0.007704,-0.012723,-0.010488,-0.010895,-0.013347,-0.0074,-0.006298,-0.007808,-0.009794
30/11/2018,-0.010468,-0.0073,-0.015822,-0.008561,-0.008325,-0.015074,-0.012583,-0.008728,-0.004851,-0.008561,-0.008325,-0.011727,-0.004321,-0.006826,-0.008728,-0.004851,-0.011511,-0.011511,-0.008166,-0.005693,-0.006826,-0.012456,-0.007121,-0.008264,-0.008795,-0.008166,-0.005693,-0.005841,-0.003671,-0.008123,-0.008264,-0.008795,-0.009751,-0.006033,-0.003671,-0.008123,-0.008792,-0.006523,-0.010759,-0.012967,-0.007435,-0.00432,-0.006151,-0.010475
12/12/2018,-0.010679,-0.009531,-0.01178,-0.007484,-0.007296,-0.008095,-0.012679,-0.006177,-0.003193,-0.007484,-0.007296,-0.009311,-0.006297,-0.00928,-0.006177,-0.003193,-0.009914,-0.009914,-0.007893,-0.004729,-0.00928,-0.011499,-0.004245,-0.007841,-0.010985,-0.007893,-0.004729,-0.010071,-0.006464,-0.003894,-0.007841,-0.010985,-0.009397,-0.005668,-0.006464,-0.003894,-0.003691,-0.0099,-0.007741,-0.0144,-0.005156,-0.00204,-0.002613,-0.008596
24/12/2018,-0.009849,-0.011313,-0.011199,-0.009723,-0.008844,-0.01139,-0.009029,-0.005508,-0.011046,-0.009723,-0.008844,-0.016992,-0.011667,-0.008535,-0.005508,-0.011046,-0.012108,-0.012108,-0.008832,-0.009087,-0.008535,-0.012381,-0.008513,-0.008332,-0.006319,-0.008832,-0.009087,-0.009199,-0.005801,-0.00665,-0.008332,-0.006319,-0.012148,-0.011429,-0.005801,-0.00665,-0.010932,-0.005771,-0.012207,-0.017071,-0.008877,-0.004165,-0.009721,-0.014149
5/01/2019,-0.012265,-0.012688,-0.010254,-0.005328,-0.006136,-0.005429,-0.010859,-0.010762,-0.006029,-0.005328,-0.006136,-0.010783,-0.006528,-0.008737,-0.010762,-0.006029,-0.012353,-0.012353,-0.011904,-0.010304,-0.008737,-0.01207,-0.007744,-0.011612,-0.008742,-0.011904,-0.010304,-0.009799,-0.00444,-0.005439,-0.011612,-0.008742,-0.00978,-0.004427,-0.00444,-0.005439,-0.007513,-0.006291,-0.009846,-0.014286,-0.004928,-0.001512,-0.003638,-0.012108
17/01/2019,-0.004881,-0.005732,-0.012234,-0.007228,-0.007087,-0.011712,-0.0097,-0.011149,-0.003574,-0.007228,-0.007087,-0.010399,-0.003411,-0.007095,-0.011149,-0.003574,-0.00729,-0.00729,-0.009159,-0.001833,-0.007095,-0.011555,-0.008652,-0.011884,-0.01089,-0.009159,-0.001833,-0.009915,-0.003129,-0.009306,-0.011884,-0.01089,-0.013943,-0.002899,-0.003129,-0.009306,-0.006044,-0.007518,-0.007865,-0.010996,-0.007492,-0.002056,-0.001235,-0.011339
Easting,592080,592039,592059,592079,592099,592119,592019,592039,592059,592078,592098,592118,592138,592018,592038,592058,592078,592098,592118,592137,592017,592037,592057,592077,592097,592117,592137,592017,592036,592056,592076,592096,592116,592136,592036,592056,592076,592095,592115,592135,592055,592075,592095,592115
Northing,7775130,7775110,7775110,7775110,7775110,7775110,7775090,7775090,7775090,7775090,7775090,7775090,7775090,7775070,7775070,7775070,7775070,7775070,7775070,7775070,7775060,7775050,7775050,7775050,7775050,7775050,7775050,7775040,7775030,7775030,7775030,7775030,7775030,7775030,7775010,7775010,7775010,7775010,7775010,7775010,7774990,7774990,7774990,7774990
