,19/08/2017,31/08/2017,12/09/2017,24/09/2017,6/10/2017,18/10/2017,30/10/2017,11/11/2017,23/11/2017,5/12/2017,17/12/2017,29/12/2017,10/01/2018,22/01/2018,3/02/2018,15/02/2018,27/02/2018,11/03/2018,23/03/2018,4/04/2018,16/04/2018,28/04/2018,10/05/2018,22/05/2018,3/06/2018,15/06/2018,27/06/2018,9/07/2018,21/07/2018,2/08/2018,14/08/2018,26/08/2018,7/09/2018,19/09/2018,1/10/2018,13/10/2018,25/10/2018,6/11/2018,18/11/2018,30/11/2018,12/12/2018,24/12/2018,5/01/2019,17/01/2019,X,Y,Count,Nbhd
Pixel.1,0.001326,-0.000669,-7.00E-06,0.00098,-0.000118,-0.003098,-0.003534,0.00014,-0.003965,-0.000396,-0.001162,0.00201,9.90E-05,2.60E-05,-0.002045,-0.003806,0.002079,-0.001555,-0.003182,-0.002676,-0.00247,0.00072,0.003548,0.001472,0.002294,-0.00021,-0.001537,-0.002076,-0.001848,-0.002591,-0.004176,-0.003064,0.000828,-0.002335,-0.002014,-0.004844,-0.001491,-0.005016,-0.004039,-0.004434,-0.005359,-0.002801,0.000914,-0.001899,591817,7775020,1,1
Pixel.2,-0.001892,-4.80E-05,0.003327,0.001499,-0.001363,-0.001872,-0.005348,-0.00249,0.000487,0.000796,-0.001113,-0.000343,0.000629,0.002087,-0.001528,-0.002146,0.003723,0.000387,-0.001075,-0.002772,0.001109,0.00203,0.004595,0.000593,0.002092,0.00195,-0.001468,-0.003105,-0.00236,-0.004318,-0.005138,-0.00454,-0.002677,-0.001929,-0.001445,-0.006204,0.003273,0.000491,-0.003452,-0.000707,-0.002088,-0.000315,0.000848,0.000432,591837,7775020,2,1
Pixel.3,-0.000417,0.000541,-0.000999,0.001585,-0.000387,-0.000544,-0.003282,-0.000358,-0.005811,0.003562,0.003082,-0.000932,-0.000403,-0.001869,-0.004864,-0.00336,0.000538,-0.003366,-0.002724,-0.004883,-0.001895,0.004292,0.003256,-0.004036,-0.000234,-0.001162,-0.002404,-0.001346,-0.001508,-0.002325,-0.00263,-0.002342,0.003143,-0.003653,-0.001569,-0.003293,-0.001059,-0.005507,-0.004667,-0.006933,-0.005205,-0.00626,-0.003304,-0.002799,591856,7775020,1,1
Pixel.4,-0.002239,0.000272,0.002295,0.000916,0.00144,-0.000547,-0.003639,-0.000297,-0.002364,-0.002031,-0.001671,0.000401,0.002511,-0.002213,-0.00251,-0.005182,0.003904,-0.001419,-0.001003,-0.001062,-0.001295,0.000145,0.001896,-0.004404,0.001049,0.001375,-0.000687,-0.001689,-0.00037,-0.001162,-0.003286,0.001067,-0.001394,-0.003831,-0.004624,-0.006547,0.000711,-0.004956,-0.0046,-0.008208,-0.00326,-0.002702,-0.004436,-0.001446,591876,7775020,3,1
Pixel.5,0.001968,0.002172,-0.004011,-0.001209,-0.001691,-0.005263,-0.002264,0.000431,-0.002134,0.003493,-0.001005,-0.002136,0.00072,-6.00E-06,0.001036,-0.003387,0.003252,0.001864,-0.000436,-0.003103,0.003813,0.004955,0.003614,-0.002206,0.003073,-0.004708,-0.00329,-0.001368,-0.00348,-0.000401,-0.003709,-0.003414,-0.004449,-0.006664,-0.000534,-0.000357,0.002074,-0.007236,-0.002859,-0.007105,-0.004696,-0.003849,0.000372,0.003359,591796,7775000,3,1
Pixel.7,-0.001397,0.00362,0.000273,0.000411,-0.002992,-0.005032,-0.000655,-0.003706,-0.004189,0.001135,0.000357,-0.00027,0.002422,0.000337,-0.00026,-0.000218,0.001532,0.000197,-0.002479,0.000937,0.001287,0.000155,0.005008,0.000422,0.000786,-0.000302,-0.005786,-0.004996,-0.001208,-0.001037,-0.001254,-0.004608,0.001107,-0.002775,-0.001174,-0.002883,-0.000109,-0.000298,-0.002572,-0.004159,-0.004089,-0.005088,-0.000876,0.001461,591836,7775000,1,1
Pixel.8,-0.001334,0.004463,0.004694,0.001039,-0.000101,-0.00272,-0.003352,0.001592,-0.004823,0.004422,-0.003348,-0.000128,-0.000772,-0.004462,-0.006282,-0.003198,-0.002092,-0.000917,-0.002726,-0.002663,-0.000611,-0.003216,0.001426,-0.000458,-0.000842,-0.000397,-0.001199,-0.000549,0.000418,0.000802,-0.003787,-0.002665,0.000906,-0.003157,-0.001332,0.000312,0.000998,-0.002927,-0.009378,-0.006739,-0.006554,-0.004051,0.000337,-0.000588,591856,7775000,2,1
Pixel.10,0.000637,-0.002955,-0.001396,0.000744,0.006001,0.001837,-0.002873,0.002107,-0.005914,-0.001454,-0.001195,-0.000905,-0.000757,-0.00313,-0.000449,-0.002646,-0.001517,-0.004312,-0.005721,-0.001494,-0.002525,-0.001642,0.001923,-0.001569,-0.00167,-0.000528,-0.002076,-0.00349,-0.005478,-0.002373,-0.007435,-0.00191,-0.003401,-0.004548,-0.003302,-0.004788,-0.000672,-0.002904,-0.005021,-0.008919,-0.001901,-0.002609,-0.000178,-0.006697,591896,7775000,2,1
Pixel.11,0.004128,-0.00068,-0.000642,0.002714,0.004534,-0.003421,-0.001116,-0.001898,-0.003353,0.000624,0.000914,-0.001178,0.001878,-0.001425,0.003845,-0.002795,0.003355,0.000363,-0.001299,-0.001988,0.001458,-0.001398,0.002022,0.000409,0.000673,0.000717,0.000555,0.001059,-0.003061,0.000867,-0.00234,-0.002098,-0.004175,-0.003584,0.000498,-0.001361,0.004292,-0.001681,-0.001957,-0.003698,-0.002164,-0.001646,0.000871,0.000601,591795,7774980,1,1
Pixel.15,-0.000168,0.00313,0.000561,0.003366,0.001088,-0.003128,-0.00047,-0.000819,-0.006287,0.002511,-0.002204,-0.001764,-0.00081,-0.000249,-0.003464,-0.001297,0.001219,-0.000824,-0.000569,-0.001288,-0.000399,-0.001814,0.00202,-0.001023,0.001679,0.002392,-0.002456,0.001402,-0.004683,0.001748,-0.003711,-0.000709,0.000771,-0.001921,-0.002714,-0.004853,-0.000636,-0.003166,-0.00464,-0.002187,-0.005218,-0.00459,0.00085,0.004959,591875,7774980,3,1
Pixel.16,0.005248,0.001956,0.00266,0.000989,-0.001285,-0.002904,-0.004544,0.002833,-0.00438,0.000489,-0.001705,-0.001112,-0.001973,-0.000447,-0.001408,-0.002726,-0.001292,0.000145,-0.00429,-0.003692,-0.000621,-0.003296,5.20E-05,-0.003202,-0.000721,-0.00136,-0.003168,-0.004291,-0.00262,-0.001753,-0.00559,-0.000651,0.001795,-0.001914,-0.000889,-0.00486,0.00214,8.90E-05,-0.004031,0.000632,-0.004274,-0.004083,-0.001098,0.003463,591895,7774980,3,1
Pixel.19,0.002039,0.003504,-0.001387,0.000768,0.000919,-0.002177,-0.000336,0.001626,-0.006202,0.000573,-0.000192,0.00379,0.000479,-0.002242,-0.002897,0.00029,-0.002075,-0.000448,0.000664,-0.000897,0.00355,0.003199,0.002044,-0.000827,-0.000263,-0.002742,-0.002981,-0.00296,-0.003191,-0.004179,-0.002569,-0.003238,-0.000928,-0.003968,-3.00E-05,-0.002378,0.004795,-0.004013,-0.003548,-0.000125,-0.004828,-0.005149,-0.002182,0.001023,591834,7774960,2,1
Pixel.20,0.002028,0.007117,-5.80E-05,-0.001146,-0.00166,-0.003847,-0.00363,0.001528,-0.005358,0.003826,0.000371,0.000601,0.001498,-0.001794,0.00033,-0.004153,0.000628,-0.001827,-0.002717,0.000713,0.000599,-0.000284,0.001972,-0.000927,0.001318,-0.000785,-0.002484,-0.001172,0.000182,-0.000202,-0.000944,-0.003668,0.003797,-0.005585,-0.0017,-0.003636,0.003457,-0.001471,-0.00414,-0.005004,-0.003883,-0.004326,8.60E-05,-0.001727,591854,7774960,2,1
Pixel.21,0.001225,0.000162,0.002647,0.00392,0.000625,-0.000614,-0.001732,0.001353,-0.004784,0.000132,-0.000951,-0.001328,-0.001543,-0.001309,-0.000919,-0.001094,0.001056,-0.001119,-0.002702,0.000637,0.00283,0.002466,0.004287,-0.005312,0.000269,5.20E-05,-0.001119,-0.002974,-0.002942,0.001161,-0.00127,0.000692,0.000385,-0.004613,-0.001491,-0.003959,0.003243,-0.001082,-0.004669,-0.001624,-0.002711,-0.00224,0.005281,0.005438,591874,7774960,3,1
Pixel.22,0.003516,-0.000553,0.003131,-0.00159,-7.60E-05,-0.004913,0.001245,-0.001333,-0.005143,0.002416,-0.003228,0.000744,0.001276,-0.000779,-0.00192,-0.00335,0.000291,-0.002079,0.00349,6.30E-05,0.001967,0.001204,0.002936,-0.000213,-0.003364,-0.000246,-0.000828,-0.000302,-0.003321,-0.000402,-0.002925,-0.003832,0.000929,-0.002657,-0.003314,-0.002675,0.000404,-0.001297,0.000369,-0.00349,-0.0022,-0.005434,-0.003558,-0.001819,591894,7774960,2,1
Pixel.23,0.004795,-0.001053,-0.000686,0.000329,0.001607,-0.007211,0.001985,-0.001245,-0.003423,0.004442,-0.003001,0.000522,-0.001799,-0.003701,0.001684,-0.000386,0.000249,0.000201,0.000153,-0.00192,-0.000711,0.001482,0.000218,-0.00156,-0.004907,-0.001773,-0.002549,-0.000188,-0.00223,-0.004772,-0.000213,-0.000247,0.001984,-0.002942,-0.001447,-0.003758,0.000973,0.003529,-0.004904,-0.002473,-0.001099,-0.003822,0.000519,-0.004308,591814,7774940,4,1
Pixel.24,0.002481,0.001017,0.001587,0.002923,0.002705,-0.004048,-0.002416,-0.003354,-0.005867,0.004221,-0.001332,0.001123,0.000547,7.20E-05,-0.001757,0.000676,0.001299,0.001394,-0.000495,-0.005734,0.002682,-0.001146,-0.000765,-0.004134,0.001382,-0.003439,0.001307,-0.001399,-0.001343,0.001216,-0.003148,-0.005224,0.000872,-0.000675,0.00067,-0.008042,0.002578,-0.004157,-0.00618,-0.000812,-0.003151,0.004931,-0.003542,-0.003844,591834,7774940,4,1
Pixel.25,-0.000232,0.00692,-0.00106,9.20E-05,0.000728,-0.00141,-0.005494,-0.003816,-0.004979,0.001659,-0.005044,0.001612,-0.001175,-0.003256,-0.005159,-0.001284,0.00194,0.002311,-0.0045,-0.001176,-0.0012,-1.00E-05,-0.001661,-0.001159,0.000418,-0.002375,-0.001368,-0.000365,-0.001701,-0.002488,-0.001293,-0.005839,0.001694,-0.005284,-0.000989,-0.00369,-0.002903,-0.006314,-0.006568,-0.003772,-0.005581,-0.009264,-0.000891,-0.000347,591854,7774940,1,1
Pixel.26,0.001194,-0.000268,0.001179,0.00313,0.002969,-0.001735,0.000204,-0.003537,-0.001285,0.003675,-0.001088,-0.003587,-0.00145,-0.002333,-0.001794,-0.003071,-0.000213,0.000667,-0.003827,-0.00032,-0.000795,-0.00236,-0.004124,-0.000392,-0.004608,-0.004576,-0.00497,-8.20E-05,0.002137,-0.002167,-0.003457,-0.004958,-0.001786,-0.00567,-0.001506,-0.004206,-0.005172,-0.006562,-0.007383,-0.003113,-0.004612,-0.004148,7.30E-05,-0.006802,591873,7774940,1,1
Pixel.30,0.00399,0.002451,0.000513,0.000601,0.001664,-0.001831,-0.0018,0.001691,-0.006285,0.00179,-0.002772,-0.001202,-6.60E-05,-0.003834,-0.000366,-0.00086,0.002613,-0.000232,-0.001804,0.002035,-0.001336,-9.60E-05,0.002484,-0.000556,0.002317,0.000107,-0.000812,-0.000172,-0.000369,-0.001906,-0.001963,-0.003141,0.000561,0.000424,-0.001852,-0.001128,0.001151,-0.00199,-0.004012,-0.00089,0.000235,-0.006146,0.000292,0.002418,591893,7774920,3,1
Pixel.41,0.000884,-0.005827,0.004234,0.002261,0.002123,0.001139,-0.00088,-0.003959,-0.00654,0.001266,1.90E-05,-0.006993,0.001124,-0.002127,-0.005256,-0.000927,-0.002963,-0.004532,-0.004524,-0.002703,-0.007932,-0.007604,-0.005759,-0.004115,-0.005528,-0.008529,-0.008848,-0.009151,-0.009811,-0.00379,-0.007,-0.006623,-0.004376,-0.00871,-0.007154,-0.008089,-0.004703,-0.003886,-0.009203,-0.008561,-0.007484,-0.009723,-0.005328,-0.007228,592079,7775110,1,2
Pixel.51,-0.00096,-0.000265,0.002353,0.003724,0.000585,0.003161,-0.002716,-0.005703,-0.005161,-0.001822,-0.002033,-0.005843,-0.001137,-0.004437,-0.003414,0.002043,-0.001504,-0.004671,-0.001992,-0.003223,-0.004295,-0.006588,-0.002682,-0.001816,-0.004669,-0.004211,-0.007361,-0.008318,-0.007671,-0.00148,-0.007316,-0.005147,-0.002734,-0.004546,-0.007145,-0.00671,-0.005744,-0.005524,-0.013082,-0.008325,-0.007296,-0.008844,-0.006136,-0.007087,592099,7775110,3,2
Pixel.81,0.001001,0.001615,-0.001199,-0.006345,5.30E-05,-0.002791,-0.00232,-0.006499,-0.006023,0.000873,0.003442,-0.003417,-0.002894,-0.001689,-0.005953,-0.000883,-0.002047,-0.006723,0.000153,-0.003611,-0.004136,-0.006021,-0.0086,-0.006747,-0.005597,-0.00797,-0.006213,-0.013071,-0.010713,-0.002572,-0.004974,-0.00888,-0.010963,-0.00913,-0.006086,-0.009823,-0.006874,-0.009018,-0.011023,-0.008728,-0.006177,-0.005508,-0.010762,-0.011149,592039,7775090,1,2
Pixel.9,-0.000651,-0.001757,0.003565,0.001655,0.002004,-0.005865,-0.001065,-0.006068,-0.007461,-0.002694,0.004867,-0.000656,0.001318,-0.004043,-0.001273,-0.003472,-0.000189,-0.003292,-0.003625,-0.003037,-0.003177,-0.011124,-0.00305,-0.006534,-0.006887,-0.007074,-0.008127,-0.00984,-0.006374,-0.00844,-0.003818,-0.004185,-0.008657,-0.007916,-0.005824,-0.009258,-0.005009,-0.008564,-0.007987,-0.004851,-0.003193,-0.011046,-0.006029,-0.003574,592059,7775090,3,2
Pixel.13,0.001309,-0.002264,0.007281,0.00264,-0.001285,0.000437,-0.007028,-0.000324,-0.009161,-0.000164,-0.002259,-0.00633,-0.001193,-0.003599,0.000934,-0.000892,-0.002865,-0.009913,-0.006054,-0.00269,-0.001861,-0.001113,-0.003194,-0.001677,-0.005542,-0.0059,-0.006982,-0.00842,-0.006366,-0.006982,-0.005037,-0.003493,-0.002947,-0.006411,-0.003415,-0.009676,-0.00245,-0.005671,-0.008637,-0.004321,-0.006297,-0.011667,-0.006528,-0.003411,592138,7775090,4,2
Pixel.191,-0.001833,0.001325,0.001836,0.002263,0.001613,-0.003517,-0.004245,-0.004336,-0.008494,6.60E-05,-0.002487,-0.004189,-0.003576,-0.004843,-0.002532,-0.004738,-0.004071,-0.005249,-0.002367,-0.003905,-0.001082,0.001131,-0.001851,-0.003742,-0.004517,-0.006541,-0.002836,-0.008486,-0.002501,-0.006698,-0.00572,-0.00987,-0.005462,-0.008188,-0.009215,-0.011208,-0.008636,-0.0044,-0.010707,-0.008166,-0.007893,-0.008832,-0.011904,-0.009159,592118,7775070,1,2
Pixel.201,-0.000949,0.000383,0.001696,0.002703,-0.001778,-0.000542,-0.003089,-0.003199,-0.00364,-0.002248,0.001921,-0.001026,-0.00173,-0.000825,-0.003289,-0.004222,-0.000767,-0.00261,-0.00174,-0.001708,-0.00205,-0.005016,-0.005491,-0.002209,-0.001352,-0.00516,-0.00245,-0.009024,-0.005447,-0.004392,-0.001628,-0.003457,-0.003106,-0.004424,-0.003519,-0.005328,-0.00179,-0.003803,-0.008466,-0.005693,-0.004729,-0.009087,-0.010304,-0.001833,592137,7775070,3,2
Pixel.231,0.004879,0.00145,0.001028,-0.001677,-0.005758,-0.002627,0.000289,-0.007648,-0.000544,0.000538,0.000294,-0.005092,3.40E-05,-0.005452,-0.0013,-0.004414,-0.004048,-0.004693,-0.001232,-0.005682,-0.003102,-0.002813,-0.005323,-0.002402,-0.007176,-0.003046,-0.005477,-0.005807,-0.010291,-0.008958,-0.006159,-0.008519,-0.006484,-0.006517,-0.005839,-0.009989,-0.007097,-0.00259,-0.011012,-0.007121,-0.004245,-0.008513,-0.007744,-0.008652,592057,7775050,1,2
Pixel.251,-0.000239,-0.000808,0.000127,0.006793,0.000889,-0.002899,-0.004238,-0.003484,-0.005572,-0.003219,-0.002038,-0.000861,-0.004145,-0.002235,-0.002893,-0.006428,-0.002045,-0.006126,-0.006748,-0.004619,-0.007015,-0.002357,0.000747,-0.004556,-0.0056,-0.005844,-0.00395,-0.010011,-0.005489,-0.007467,-0.00728,-0.007692,-0.005535,-0.010861,-0.010525,-0.007951,-0.005288,-0.003894,-0.013882,-0.008795,-0.010985,-0.006319,-0.008742,-0.01089,592097,7775050,1,2
Pixel.29,0.004203,0.000621,0.002026,0.003967,-0.001537,-0.003311,-0.001511,-0.003428,-0.001415,-0.00175,0.00064,-0.001951,-0.000205,-0.000753,-0.00517,-0.00166,-3.90E-05,-0.00292,-0.004323,-0.00432,-0.006118,-0.001105,-0.00201,-0.005208,-0.006562,-0.005119,-0.007372,-0.007829,-0.006119,-0.007345,-0.00616,-0.009226,-0.007707,-0.007347,-0.006585,-0.003459,-0.003314,-0.003839,-0.010338,-0.003671,-0.006464,-0.005801,-0.00444,-0.003129,592036,7775030,1,2
Pixel.34,-0.001722,-0.001243,0.002363,0.00407,-0.000336,0.003151,-0.003225,-0.002709,0.000299,-0.003554,0.003835,-0.004205,-0.000258,-0.003303,-9.50E-05,-8.00E-06,0.000668,-0.004377,-0.004503,-0.004906,-0.000452,-0.002392,0.000232,-0.001275,-0.000252,-0.004758,-0.002392,-0.006008,-0.003179,-0.00357,-0.005655,-0.005183,-0.001367,-0.009174,-0.006884,-0.004633,-0.002041,0.001439,-0.006446,-0.006033,-0.005668,-0.011429,-0.004427,-0.002899,592136,7775030,4,2
Pixel.37,-0.000907,0.001996,0.000269,0.006866,-0.005124,-0.001342,-0.002459,-0.004364,-0.008,-0.000663,0.000266,-0.001734,-0.003291,-0.001688,-0.00143,-0.002177,-0.00357,-0.006796,-0.003998,-0.004809,-0.002764,-0.000667,-0.002664,-0.004666,-0.005578,-0.001109,-0.008831,-0.011758,-0.004147,-0.007491,-0.011602,0.000902,-0.005321,-0.008675,-0.008761,-0.005679,-0.004105,-0.001323,-0.012723,-0.008792,-0.003691,-0.010932,-0.007513,-0.006044,592076,7775010,3,2
Pixel.38,0.001865,-0.001219,0.000751,-7.50E-05,-0.000103,0.000835,-0.00083,-0.009168,-0.005085,-0.00094,0.002828,-0.003595,-0.003047,-0.003402,-0.001018,-0.004961,0.001015,-0.001213,-0.006441,-0.003761,-0.006463,-0.001438,-0.002767,-0.005151,-0.003171,-0.009332,-0.002638,-0.003205,-0.000826,-0.005865,-0.003729,-0.006365,-0.004725,-0.013675,-0.010076,-0.003332,-0.007322,-0.001555,-0.010488,-0.006523,-0.0099,-0.005771,-0.006291,-0.007518,592095,7775010,3,2
Pixel.39,-0.000381,-3.20E-05,-0.0017,0.001839,0.003516,-0.001985,-0.002837,-0.005333,-0.00534,-0.002214,0.001008,-0.001512,-0.00259,-0.002855,-0.003635,-0.002517,0.000343,-0.003097,-0.003294,-0.004475,-0.004302,-0.00368,-0.003161,-0.004565,-0.004575,-0.007637,-0.005201,-0.005648,-0.006377,-0.007877,-0.005757,-0.006913,-0.005756,-0.012298,-0.00938,-0.00694,-0.003482,-0.00202,-0.010895,-0.010759,-0.007741,-0.012207,-0.009846,-0.007865,592115,7775010,1,2
Pixel.40,-0.001512,0.00115,0.00255,0.002896,-0.001332,-0.001767,-0.004446,-0.010323,-0.006526,-0.004425,0.003213,-0.003532,-0.002167,-0.004041,-0.003553,-0.00605,-0.002031,-0.000307,-0.004897,-0.00624,-0.006835,-0.008891,-0.004485,-0.00861,-0.006981,-0.010666,-0.0103,-0.012056,-0.008624,-0.01076,-0.009009,-0.010293,-0.009449,-0.014275,-0.011435,-0.010338,-0.010061,-0.009475,-0.013347,-0.012967,-0.0144,-0.017071,-0.014286,-0.010996,592135,7775010,1,2
Pixel.42,0.001058,0.003659,0.001793,0.004545,-0.000704,-0.00204,-0.003099,-0.002518,-0.002132,-0.000951,0.001136,-0.003954,-0.001293,-0.000597,-0.004147,-0.003238,-4.00E-05,-0.003931,-0.004054,-0.002134,-0.002513,-0.001534,0.000156,-0.000835,-0.006678,-0.006071,-0.002908,-0.005527,-0.001949,-0.005879,-0.003951,-0.003604,-0.00397,-0.009336,-0.007235,-0.007244,-0.000863,-0.000955,-0.006298,-0.00432,-0.00204,-0.004165,-0.001512,-0.002056,592075,7774990,7,2
Pixel.43,0.002377,-0.002775,-0.001383,0.001096,0.000585,-0.000519,0.001033,-0.003762,-0.000954,5.70E-05,0.000334,-0.004008,-0.001448,0.001249,-0.001266,-0.002231,0.000119,-0.006842,-0.001084,-0.007985,-0.004728,-0.003066,0.000328,-0.000987,-0.002317,-0.002805,-0.001308,-0.004566,-0.00248,-0.004429,-0.00521,-0.002432,5.30E-05,-0.006055,-0.004536,-0.001901,-0.004268,-0.003273,-0.007808,-0.006151,-0.002613,-0.009721,-0.003638,-0.001235,592095,7774990,6,2
Pixel.110,0.004213,-0.002876,0.003141,0.006595,0.000195,-0.004116,0.001253,-0.001046,-0.003716,0.000492,0.000447,-0.003972,-0.001233,-0.001788,-0.006406,-0.003969,-0.003411,-0.006361,-0.006473,-0.007515,-0.004995,-0.003261,-0.003131,-0.004152,-0.003849,-0.006965,-0.005597,-0.005265,-0.008428,-0.001109,-0.006951,-0.004857,-0.007555,-0.010841,-0.009296,-0.011171,-0.006412,-0.006679,-0.007034,-0.006535,-0.0101,-0.005772,-0.008971,-0.012267,592322,7775220,1,3
Pixel.111,0.000523,-0.003102,-0.00015,0.001596,0.002524,0.001372,-0.001983,-0.000438,-0.000144,0.000116,0.004796,-0.00167,0.000386,-0.004232,0.001529,-0.004071,-0.001531,-0.005158,0.000398,-0.005321,-0.001625,-0.002495,-0.006196,-0.002259,-0.003408,-0.003619,-0.000227,-0.002911,-0.002016,-0.000127,-0.006206,-0.001076,0.003111,-0.003887,-0.001728,-0.006499,-0.007254,-0.003836,-0.003228,0.00161,-0.003139,-0.007499,-0.006917,-0.009867,592341,7775180,2,3
Pixel.131,0.000974,-0.00073,-0.004091,0.004526,-0.001008,0.001449,0.000918,-0.003005,0.003566,0.001105,0.004768,0.001167,0.002809,-0.003306,0.000481,-0.003657,-0.002329,-0.003556,-0.002704,-0.007665,-0.000415,-0.002351,-0.004048,0.002083,0.002023,-0.002002,0.001311,-0.001966,-0.000524,-0.004545,-0.004941,-0.00184,0.004142,-0.006275,-0.003185,-0.006512,-0.003357,-0.001939,-0.002157,0.002468,-0.001042,-0.005594,-0.00493,-0.008042,592381,7775180,10,3
Pixel.161,0.005219,-0.003044,-0.007028,0.000466,-0.004041,-0.003004,-0.001797,0.001958,0.001118,0.001482,0.00446,-0.001999,4.20E-05,-0.008709,-0.006032,-0.004561,-0.002643,-0.001954,-0.008233,-0.011314,-0.004207,-0.009847,-0.003252,-0.003825,-0.004081,-0.002232,-0.003444,-0.006922,-0.005187,-0.007849,-0.004995,-0.005786,-0.005989,-0.006449,-0.001305,-0.007217,-0.005475,-0.007668,-0.00925,-0.008005,-0.00917,-0.010713,-0.008436,-0.014389,592300,7775160,1,3
Pixel.18,0.003712,-0.001873,0.001118,-0.003695,-0.003533,-0.002232,0.001668,-0.002452,-0.000622,0.002077,0.005434,-0.00841,-0.00031,-0.007318,0.000722,-0.00297,-0.000964,-0.004643,-0.003731,-0.008457,-0.006395,-0.00546,-0.006097,-0.00461,-0.006781,-0.007562,-0.007923,-0.009263,-0.008809,-0.008398,-0.007845,-0.008518,-0.006547,-0.008433,-0.004437,-0.007286,-0.004795,-0.008264,-0.005792,-0.004168,-0.003094,-0.011789,-0.012283,-0.013202,592340,7775160,1,3
Pixel.202,-0.003565,-0.006137,0.001767,0.001145,-0.00085,-0.003826,0.000685,-0.001242,0.001766,0.000965,0.000729,-0.007202,0.003726,-0.006813,-1.20E-05,-0.004756,0.000492,-0.001644,0.000867,-0.008149,-0.003614,-0.005423,-0.000731,0.001273,9.60E-05,-0.004323,-0.003015,-0.008747,-0.002551,-0.001948,-0.009093,-0.006739,-0.00328,-0.007215,-0.002447,-0.004845,-0.003087,-0.009307,-0.005696,-0.005176,-0.004289,-0.012948,-0.010773,-0.012601,592380,7775160,2,3
Pixel.211,-0.005461,0.003099,0.001287,-0.000269,0.001234,-0.003593,-0.001592,-0.002625,-0.00033,0.001362,0.001819,-0.006608,0.001696,-0.003294,-0.00191,-0.00674,-0.005592,-0.007584,-0.005683,-0.008855,-0.005615,-0.007692,-0.006657,-0.005873,-0.003042,-0.007172,-0.005062,-0.005515,-0.012921,-0.003454,-0.007184,-0.006982,-0.008367,-0.009437,-0.005025,-0.009707,-0.005399,-0.008538,-0.00984,-0.00751,-0.006025,-0.013624,-0.010838,-0.01659,592260,7775150,1,3
Pixel.32,-0.000734,-0.008584,-0.004864,-0.000215,0.000792,0.000819,0.002225,6.00E-05,0.002151,0.001479,0.004123,-0.003245,0.001911,-9.20E-05,0.005342,-0.001567,-0.000839,-0.00849,0.000777,-0.001063,-0.001174,-0.002191,-0.001567,-0.003525,-2.00E-06,-0.004653,-0.000146,-0.007488,-0.003668,-0.001804,-0.002082,-0.00266,2.20E-05,-0.003657,-0.00292,-0.004728,-0.005166,-0.003817,-0.004177,-0.005864,-0.000512,-0.006066,-0.003707,-0.010548,592339,7775120,8,3
Pixel.33,-0.00114,-0.00204,-0.002003,-0.00171,-0.002025,-0.001567,0.002797,-0.004482,0.002879,0.0049,0.004429,-0.00535,-0.000998,-0.004741,-0.000387,-0.00563,0.000637,-0.004083,-0.004004,-0.007607,-0.004422,-0.002935,-0.005151,-0.004681,-0.002957,-0.008183,-0.006656,-0.007516,-0.005614,-0.001952,-0.006227,-0.004511,-0.008038,-0.005164,-0.004738,-0.004765,0.000372,-0.007604,-0.00782,-0.00974,-0.001831,-0.009411,-0.009185,-0.011776,592359,7775120,2,3
Pixel.391,0.002554,-0.001868,-0.003745,-0.003718,0.003511,-0.002979,-0.004428,-0.004203,0.002043,0.001914,0.001901,-0.005074,0.002028,-0.00387,-0.000953,-0.007531,-0.00497,9.00E-04,-0.002963,-0.006929,-0.003093,-0.006712,-0.008514,-0.008307,-0.004762,-0.007639,-0.000762,-0.009385,-0.004651,-0.005453,-0.006335,-0.005215,-0.006964,-0.00682,-0.005709,-0.006146,-0.004435,-0.009241,-0.007753,-0.007897,-0.009209,-0.01121,-0.009859,-0.011407,592338,7775100,2,3
Pixel.401,0.00493,-0.003001,-0.003565,0.002352,-0.002578,-0.006529,-0.001358,-0.008707,0.004968,-0.002573,0.004921,-0.001372,0.002954,-0.003231,0.000307,-0.004893,0.000518,-0.003049,-0.001146,-0.002477,-0.003513,-0.003322,-0.005602,-0.002036,0.001902,-0.002207,-0.001419,-0.002859,-0.003564,-0.008209,-0.004693,-0.002508,-0.00527,-0.002574,-0.001346,-0.006711,-0.001684,-0.005483,-0.004005,-0.009401,-0.002073,-0.007919,-0.005014,-0.01015,592358,7775100,1,3
Pixel.421,0.002649,-0.000336,0.006905,0.002543,-0.004335,-0.004121,-0.005126,-0.000865,-0.005003,-0.004784,0.001165,-0.005877,-0.001788,-0.0042,-0.003779,-0.005448,-0.002869,-0.004834,0.001366,-0.001982,-0.00546,-0.005368,-0.006181,-0.005266,-0.003699,-0.002739,-0.002246,-0.006925,-0.009737,-0.005418,-0.005593,-0.00853,-0.004488,-0.009904,-0.003476,-0.008852,-0.001709,-0.00445,-0.007879,-0.007723,-0.004317,-0.010658,-0.00673,-0.009866,592278,7775090,2,3
Pixel.44,0.008819,0.002465,-0.004184,0.001219,-0.001677,-0.003536,-0.005245,-0.00183,-9.00E-05,-0.006917,-0.002546,-0.006691,-0.001515,-0.004889,-0.000622,-0.007861,-0.003644,-0.00343,-0.005218,-0.003198,-0.005514,-0.008832,-0.005162,-0.00646,-0.003839,-0.009013,-0.003472,-0.00923,-0.009867,-0.006631,-0.007675,-0.008108,-0.007841,-0.006727,-0.00751,-0.006038,-0.006132,-0.011123,-0.006258,-0.011321,-0.01504,-0.010223,-0.009545,-0.01198,592317,7775080,1,3
Pixel.46,0.000878,-0.004366,0.000612,-0.00417,0.001683,-0.000849,0.000844,0.0012,0.002858,0.001666,0.004447,-0.001227,0.001025,-0.001305,0.002548,-0.005864,0.000857,-0.001229,-0.002364,-0.005095,-0.002813,-0.002761,-0.000977,0.001137,0.003881,-0.003465,-0.000409,0.002481,-0.002656,-0.000857,-0.003173,-0.001917,-0.001879,-0.000585,-0.000104,-0.002069,0.001115,-0.002817,7.90E-05,-0.003386,-0.000569,-0.000246,-0.005077,-0.00566,592357,7775080,10,3
Pixel.112,-0.003981,0.000923,-0.002598,0.009083,0.000938,0.002948,0.004871,0.001729,-0.018142,0.002582,-0.001315,-0.004966,-0.005172,0.001704,-0.003201,-0.001336,-0.009852,-0.004395,-0.004179,0.004648,-0.002693,-0.003204,-0.004021,-0.001143,-0.002988,-0.001986,-0.001984,-0.002489,-0.004792,-0.002797,-0.004108,-0.007284,-0.007159,-0.004,-0.013889,-0.006495,-0.006601,-0.004822,-0.003717,-0.008587,-0.011763,0.00306,-0.006623,-0.005272,592350,7775210,2,4
Pixel.27,-0.013716,0.008123,-0.003692,0.011605,0.007774,-0.006123,0.010176,-0.006358,-0.008646,0.00034,0.00067,-0.006925,-0.001862,-0.008325,-0.005126,-0.010205,-0.004154,-0.008066,-0.00936,-0.004459,-0.004886,-0.003045,-0.005316,-0.007819,-0.002461,-0.00403,-0.00785,-0.006042,-0.002479,-0.005573,-0.000989,-0.00233,-0.008399,-0.00681,-0.011448,-0.007877,-0.013339,-0.005551,-0.006411,-0.00758,-0.00362,-0.007618,-0.003818,-0.013365,592370,7775210,1,4
Pixel.36,-0.003,0.008063,-0.003535,-0.001747,0.010177,0.000245,0.002232,0.001049,0.000855,-0.003027,0.006154,-0.006975,-0.002468,-0.003751,0.001557,-0.007478,-0.006211,-0.004921,-0.001653,-0.001177,-0.006183,-0.007266,-0.002332,0.002388,0.000167,7.70E-05,-0.006509,-0.004627,-0.002925,-0.006032,-0.004705,-0.006004,-0.002666,-0.003389,-0.008016,-0.010645,-0.003576,-0.000163,-0.001872,-0.0015,-0.008163,0.003549,-0.011437,-0.015458,592390,7775210,5,4
Pixel.6,0.005609,0.01283,0.003922,0.002059,0.001757,-0.004168,0.000754,-0.001386,-0.023811,0.002999,-0.002913,0.000752,-0.001812,0.003761,-0.003281,-0.004431,-0.016454,-0.008473,0.001718,-0.004709,-0.007117,-0.004787,-0.006088,0.000754,-0.00532,-0.003349,0.000194,-0.004926,-0.004925,-0.010799,-0.010027,-0.006984,-0.005305,-0.008114,-0.006083,-0.005209,-0.006425,-0.002358,-0.009053,-0.00107,-0.010565,-0.001205,-0.008755,-0.009804,592370,7775190,1,4
Pixel.71,-0.001167,0.005323,-0.01134,0.004323,0.002536,-0.006009,-0.002639,-0.005431,0.010872,0.000342,-0.005651,-0.005626,0.00552,-0.004844,-0.004756,-0.006366,-0.005752,-0.005036,-0.011658,0.004255,-0.004436,-0.002575,-0.001637,-0.001815,-0.010175,-0.000162,-0.008092,-0.004281,-0.002769,-0.005958,-0.001413,-0.006582,-0.007347,-0.005054,-0.007674,-0.004234,-0.000121,-0.005577,-0.005803,0.000636,-0.010686,-0.004375,-0.010546,-0.011087,592390,7775190,3,4
Pixel.82,-0.003345,0.009549,0.008906,0.001472,0.006613,-0.003236,-0.007526,-0.004499,0.003882,-0.00336,-0.001615,-0.014704,0.000177,-0.00959,-0.011912,-0.017099,-0.005803,-0.011826,-0.010454,-0.010293,-0.009564,-0.006644,-0.008442,-0.001288,-0.008085,-0.007893,-0.014053,-0.007601,-0.011298,-0.014236,-0.004499,-0.011815,-0.011121,-0.010284,-0.009179,-0.011877,-0.009994,-0.015578,-0.017924,-0.0206,-0.015122,-0.013104,-0.012744,-0.01639,592410,7775190,1,4
Pixel.91,-0.000109,0.013646,-0.008348,0.01258,-0.000381,-0.007842,-0.007595,0.005863,-0.002369,-0.000569,-0.011215,-0.013183,-0.002395,-0.008686,-0.003203,-0.008595,-0.001468,-0.004627,-0.011949,-0.006482,-0.007238,-0.016188,-0.007297,-0.006744,-0.002219,-0.008487,-0.010715,0.001768,-0.002964,-0.002432,-0.002662,-0.00623,-0.00379,-0.008217,-0.006551,-0.017274,-0.009319,-0.007336,-0.015244,-0.010956,-0.009929,-0.00918,-0.002879,-0.020122,592310,7775170,1,4
Pixel.12,0.000561,0.003257,0.00154,0.008121,0.000826,-0.0051,-0.001485,-0.003605,0.002005,0.006493,-0.002465,-0.009895,-0.001507,-0.003803,-0.008188,-0.008318,-0.010041,-0.006372,-0.00107,-0.005905,-0.00241,0.006463,0.001531,-0.009144,-0.001714,0.000153,-0.00087,0.002598,-0.001889,0.001965,0.000368,-0.003176,-0.010963,-0.001592,-0.006584,-0.006347,-0.002361,-0.008787,-0.004012,-0.005307,-0.004248,-0.00556,-0.006805,-0.006421,592370,7775170,2,4
Pixel.132,0.000295,0.015924,0.005584,0.003365,-0.002087,-0.005323,-0.007352,-0.008362,-0.015915,-0.002672,-0.006632,-0.007595,-0.006204,-0.010546,-0.00757,-0.008133,-0.004056,-0.013596,-0.009179,-0.007385,-0.017781,-0.004172,-0.004829,-0.005363,-0.008261,-0.006918,-0.014494,-0.00677,-0.009977,-0.024416,0.000336,-0.010098,-0.007649,-0.003435,-0.01442,-0.019011,-0.007813,-0.007761,-0.000538,-0.005279,-0.017413,-0.015757,-0.037164,-0.018932,592390,7775170,1,4
Pixel.17,0.001429,-0.001785,-0.001747,-0.004429,-0.005174,0.002252,0.00128,-0.001615,-0.005969,-0.005096,0.000772,0.003569,0.006182,0.001588,0.001198,-0.002736,-0.000793,-0.001984,-0.004872,-0.003463,-0.001777,0.000755,-0.002436,-0.001814,-0.001368,0.001381,-0.001255,0.001685,-0.003584,-0.00366,0.000521,-0.001017,-0.008882,-0.001379,-0.000242,-0.001552,-0.001935,-0.002035,-0.00493,-0.003535,-0.003257,-0.004858,0.003047,-0.007346,592330,7775150,4,4
Pixel.181,-0.008868,-0.008203,-0.004524,0.000907,0.009941,0.007156,0.008577,-0.004385,-3.00E-06,0.003595,4.40E-05,0.002572,0.006071,-0.00584,-0.004247,-0.004887,-0.010821,-0.00198,-0.014235,-0.003593,0.003135,-0.005785,-0.000961,-0.002932,-0.002169,-0.003601,-0.005183,-0.003006,-0.001569,-0.008013,-0.004774,-0.010541,-0.012572,0.01179,-0.003105,-0.003252,-0.001899,-0.003868,-0.003061,9.00E-05,-0.003214,-0.013854,-0.004753,-0.011614,592350,7775150,2,4
Pixel.203,-0.003969,0.016056,-0.00645,0.009244,-0.012145,-0.011112,-0.004052,-0.008478,-0.00584,0.002648,-0.004557,-0.008532,0.002472,-0.006835,0.000437,-0.00417,-0.005585,-0.001563,-0.011673,-0.002979,-0.003483,-0.006571,-0.005621,-0.002548,-0.008714,-0.000699,-0.006375,-0.002757,-0.008704,-0.006753,0.000434,-0.013236,-0.005215,-6.00E-06,-0.012334,-0.00678,-0.015673,-0.007949,-0.011002,-0.010045,-0.00736,-0.010397,-0.008419,-0.028853,592390,7775150,2,4
Pixel.212,-0.005828,0.002452,0.001486,0.006705,9.50E-05,0.001076,-0.003914,0.000768,-0.004189,0.002401,-0.002848,-0.001923,0.001143,-0.00255,0.000371,-0.006077,-0.003657,-0.00906,-0.005644,-0.004916,-0.008043,-0.005238,-0.009682,-0.004316,-0.004645,-0.005843,-0.001682,-0.006487,-0.001459,-0.01036,0.005996,-0.009011,-0.00412,-0.001165,-0.00679,-6.70E-05,-0.005622,-0.005775,-0.012341,-0.007444,-0.007247,-0.001993,-0.007954,-0.012974,592410,7775150,1,4
Pixel.232,0.002821,0.006346,0.007737,0.003494,-0.001978,-0.008838,-0.014301,-0.000959,-0.001562,0.007158,-0.005562,-0.005038,-0.001575,-0.005364,-0.003247,-0.004253,0.003299,-0.004958,-0.003981,-0.001446,-0.008227,-0.011146,-0.000721,-0.003666,-0.00489,-0.005127,-0.005387,-0.004276,-0.009188,-0.001154,0.001725,-0.007763,-0.004713,-0.003729,-0.007569,-0.015772,-0.014261,-0.006514,-0.005709,-0.005895,-0.009263,-0.006518,-0.001985,-0.018237,592310,7775130,1,4
Pixel.252,-0.007112,0.001429,-0.003637,0.003864,-0.004791,-0.006528,-0.00351,-0.003172,0.003399,0.000507,-0.001991,-0.01341,-0.00084,-0.004966,0.001561,0.001756,-0.00171,-0.007386,0.008109,-0.007656,-0.00411,0.003264,0.004027,-0.007203,-0.003809,-0.006505,-0.009078,-0.008663,-0.009841,-0.014304,-0.006271,-0.012548,-0.00727,-0.015898,-0.011735,-0.011105,-0.011449,-0.006775,-0.00991,-0.012932,-0.0091,-0.019857,-0.001632,-0.022973,592350,7775130,4,4
Pixel.261,-0.000204,0.003854,0.000115,0.013333,-0.001311,0.008352,0.001583,-0.002281,-0.00831,-0.000991,0.000263,-0.00133,-0.001539,-0.005537,-0.006786,-0.002512,-0.017392,-0.006404,-0.00748,-0.007332,-0.013376,-0.008222,-0.005082,-0.01343,-0.004543,-0.008226,-0.009682,-0.019013,-0.00815,0.00084,-0.007176,-0.00878,-0.012754,-0.008835,-0.007723,-0.00694,-0.009099,-0.005299,-0.009239,-0.014419,-0.012679,-0.023066,-0.004497,-0.018814,592370,7775130,1,4
Pixel.28,0.007881,0.002739,-0.007822,-0.00537,0.001365,0.001105,-0.006258,-0.001035,0.007742,-0.005404,0.0017,-0.007374,-0.005589,0.002282,-0.008006,-0.0019,-0.005054,-0.004232,-0.017099,-0.005986,-0.007613,0.002534,-0.005315,-0.008243,-0.000794,-0.001294,0.000977,-0.021568,-0.005264,-0.00476,-0.002855,-0.010141,-0.008368,-0.003783,-0.00463,0.001555,-0.010822,-0.007666,-0.019389,-0.013201,-0.022188,-0.009304,-0.012322,-0.010845,592410,7775130,1,4
Pixel.291,-0.002399,0.005699,-0.010046,0.000169,0.003006,0.000591,-0.006626,-0.005035,-0.003522,-0.005181,0.006454,0.002513,0.003563,-0.002939,-0.002584,0.000514,0.007601,-0.010745,-0.002673,0.000278,-0.00117,-0.003425,-0.00671,-0.003023,-0.003546,-0.001528,0.002933,2.00E-06,0.001242,0.003645,-0.003356,-0.009453,-0.008815,-0.001089,0.006158,0.002867,-0.008688,0.000426,-0.004126,-0.003122,-0.001291,-0.00391,0.00361,-0.005556,592430,7775130,9,4
Pixel.321,0.002476,0.000972,-0.003505,0.002821,0.004282,0.009152,-0.00074,-0.00275,-0.000933,-0.005547,-0.002446,-0.004084,-0.006303,0.001252,-0.003968,-0.002831,-0.005612,-0.004779,-0.00298,-0.004294,-0.007373,-0.008282,-0.004455,-0.006976,-0.001859,-0.002549,-0.002799,-0.006091,-0.009601,-0.005369,-0.005599,-0.007061,-0.011387,-0.009719,-0.006098,-0.003203,-0.010555,-0.010907,-0.008154,-0.009956,-0.012321,-0.006904,-0.004738,-0.00739,592370,7775110,1,4
Pixel.371,0.00471,0.002823,0.002274,-0.001708,-0.003427,-0.004713,0.001205,-0.005755,-0.005644,-0.009779,-0.001307,-0.007329,-0.002377,-0.00316,-0.007535,-0.007538,-0.004709,-0.006913,-0.008319,-0.001835,-0.004381,-0.007361,-0.000224,-0.008273,-0.004891,-0.003983,-0.009035,-0.020452,-0.012834,-0.00281,-0.008325,-0.009044,-0.011091,-0.005413,-0.013511,0.004683,-0.014436,-0.010251,-0.009964,-0.021939,-0.019245,-0.006818,-0.010645,-0.011546,592390,7775090,1,4
Pixel.113,-0.008608,-0.002762,0.002638,0.004979,-0.003387,-0.000493,-0.004126,0.000613,-0.004689,-0.004391,-0.004296,-0.003208,-0.004728,-0.007288,-0.008493,-0.008331,-0.006541,-0.009505,-0.004855,-0.006952,-0.010864,-0.001404,-0.010482,-0.00847,-0.00687,-0.010003,-0.012006,-0.011281,-0.012923,-0.009291,-0.012285,-0.010884,-0.018143,-0.013143,-0.018503,-0.001512,-0.011868,-0.020298,-0.017543,-0.016154,-0.01216,-0.015556,-0.006384,-0.021288,592010,7775130,1,5
Pixel.310,-0.005966,0.000608,-0.013514,0.006115,0.002417,0.004195,-0.003341,-0.007819,-0.014149,-0.003884,-0.001189,-0.00493,-0.009601,-0.00528,-0.009936,-0.002047,-0.011608,-0.006109,-0.00986,-0.01212,-0.005215,-0.007397,-0.011835,-0.011883,-0.00927,-0.014036,-0.010788,-0.015803,-0.014234,-0.016785,-0.015528,-0.014105,-0.014095,-0.014223,-0.01304,-0.014789,-0.022258,-0.016324,-0.011448,-0.010153,-0.009502,-0.022837,-0.02038,-0.021534,592050,7775130,1,5
Pixel.45,-0.009774,-0.005355,0.001817,-0.001455,0.001995,-0.001628,0.002139,-0.004739,0.010847,-0.008532,-0.001758,-0.002324,-0.004483,-0.000809,-0.001425,-0.000173,-0.005696,0.000251,0.000339,-0.007162,0.002651,-0.004407,-0.010561,-0.009346,-0.000612,-0.000235,-0.003822,-0.008279,-0.008403,-0.008782,-0.008086,-0.003646,-0.014671,-0.004745,-0.007892,0.009339,3.50E-05,-0.013567,-0.010486,-0.014612,0.001215,-0.001475,-0.015535,-0.010755,592070,7775130,15,5
Pixel.61,-0.000563,-0.003046,0.002853,0.000848,0.000911,-0.000533,0.001895,-0.00016,-0.004999,0.001217,-0.001938,-0.006031,-0.00146,-0.004894,-0.007777,-0.008096,-0.014378,-2.00E-06,-0.003702,-0.008548,-0.004878,-0.004614,-0.006863,0.00073,-0.007883,-0.011247,-0.009813,-0.009539,-0.010561,-0.00964,-0.009956,-0.013555,-0.020241,-0.010116,-0.014714,-0.015897,-0.008996,-0.011643,-0.009638,-0.010582,-0.007848,-0.01076,-0.010533,-0.014898,592010,7775110,2,5
Pixel.92,0.001426,-0.002119,0.001111,-0.003306,0.006167,0.004037,-0.003007,-0.006917,-0.000346,-0.003397,-0.003216,-0.004748,-0.009597,-0.008196,-0.009587,-0.008594,-0.005476,-0.005488,-0.012753,-0.008845,-0.012797,-0.011743,-0.010721,-0.009996,-0.011604,-0.012887,-0.008604,-0.018784,-0.013965,-0.017316,-0.011246,-0.018334,-0.017761,-0.018344,-0.007961,-0.008411,-0.01644,-0.017105,-0.013598,-0.020943,-0.010365,-0.02229,-0.017252,-0.018364,592070,7775110,1,5
Pixel.114,-0.006722,-0.003122,0.006892,0.000345,0.000929,0.001206,-0.00337,-0.005305,-0.005149,-0.004177,-0.007284,-0.006806,-0.00358,-0.005946,-0.010308,-0.004009,-0.000529,-0.007212,-0.001636,-0.010055,-0.002743,-0.00933,-0.007796,-0.003875,-0.008201,-0.006574,-0.004125,-0.014651,-0.009119,-0.01616,-0.010321,-0.008867,-0.018446,-0.011429,-0.010286,-0.009288,-0.009549,-0.016605,-0.016532,-0.017847,-0.012979,-0.018571,-0.013397,-0.014078,592110,7775110,2,5
Pixel.162,-0.003962,0.002053,0.00433,-0.00229,-0.003003,0.002914,-0.000628,-0.003397,-6.30E-05,-0.005866,-0.003223,-0.001529,-0.003313,0.00015,-0.009526,-0.007578,-0.010518,-0.000963,-0.004917,-0.006565,-0.007568,-0.002085,-0.011535,-0.01236,-0.008802,-0.01233,-0.009217,-0.006132,-0.015809,-0.011882,-0.010251,-0.011682,-0.015652,-0.013396,-0.008584,-0.004197,-0.011459,-0.006183,-0.017195,-0.013548,-0.010415,-0.014688,-0.008172,-0.020904,592070,7775090,4,5
Pixel.171,-0.003936,0.004343,0.003894,-0.000197,0.002465,-0.004054,-0.007408,-0.000185,0.008784,-0.002069,-0.003697,-0.011393,-0.008566,-0.000207,-0.011278,-0.007724,-0.011851,-0.004662,-0.004252,-0.015037,-0.000918,-0.005084,-0.005526,-0.001917,-0.010934,-0.007544,-0.010432,-0.011306,-0.017288,-0.016094,-0.011175,-0.014117,-0.013328,-0.009199,-0.006287,-0.013567,-0.009121,-0.009732,-0.009554,-0.012698,-0.00652,-0.00946,-0.01294,-0.017272,592090,7775090,1,5
Pixel.262,-0.002628,0.004715,0.000403,0.000403,0.004734,-0.0088,-0.002774,-0.007264,-0.004401,-0.000682,-0.003264,-0.008804,-0.006147,-0.002114,-0.006381,-0.004233,-0.010584,-0.006464,-0.010291,-0.005205,-0.009751,-0.001772,-0.004946,-0.008335,-0.008025,-0.009174,-0.011139,-0.012099,-0.016481,-0.015895,-0.012342,-0.017193,-0.018038,-0.016673,-0.015768,-0.010957,-0.013265,-0.017619,-0.01371,-0.01154,-0.017726,-0.010124,-0.012003,-0.017186,592010,7775050,2,5
Pixel.301,-0.00047,-0.004559,0.001664,0.006487,-0.000314,-0.011611,-0.003538,0.003215,0.003384,-0.0027,-0.001503,-0.006884,-0.011223,-0.004256,-0.008744,-0.006832,-0.007913,-0.003364,-0.0152,-0.016056,-0.010232,-0.010322,-0.007932,-0.007954,-0.008773,-0.007343,-0.004409,-0.01618,-0.014827,-0.009829,-0.011839,-0.008143,-0.014095,-0.016412,-0.00836,-0.002278,-0.01056,-0.018524,-0.022013,-0.016818,-0.01495,-0.017789,-0.013988,-0.020561,592090,7775050,1,5
Pixel.31,-0.007506,-0.001279,0.000178,0.00759,-0.000409,0.001751,0.004488,-0.001759,-0.003993,-0.006481,-0.000655,-0.007178,-0.009292,-0.006958,-0.007139,-0.005427,-0.010589,-0.007623,0.00037,-0.007477,-0.00378,-0.005031,-0.004126,-0.00853,-0.007624,-0.010409,-0.00789,-0.013514,-0.015113,-0.014737,-0.006969,-0.014796,-0.008854,-0.011941,-0.012329,-0.014113,-0.011409,-0.011147,-0.013855,-0.003733,-0.008889,-0.010808,-0.012809,-0.014153,592110,7775050,5,5
Pixel.341,0.001387,0.000451,0.001922,0.000767,0.003227,-0.002597,-0.000489,-0.001253,-0.00288,-0.002182,-0.003021,-0.004834,-0.001073,-0.004717,-0.007647,-0.006958,-0.010374,-0.006244,-0.014472,-0.007621,-0.00681,-0.00616,-0.00736,-0.008108,-0.008716,-0.006511,-0.004225,-0.009309,-0.01138,-0.010074,-0.009846,-0.008176,-0.012597,-0.01037,-0.00981,-0.004385,-0.006705,-0.011721,-0.011736,-0.010672,-0.012659,-0.009592,-0.005415,-0.016807,592050,7775030,1,5
Pixel.35,-0.000435,-0.001443,0.006794,-0.00052,-0.00396,-0.001015,-0.000177,-0.003436,-0.003173,-0.005735,-0.003369,-0.0085,-0.000142,-0.010743,-0.009175,-0.009776,-0.014852,-0.008106,-0.008494,-0.015899,-0.009102,-0.008438,-0.008759,-0.012972,-0.014365,-0.009633,-0.008321,-0.015526,-0.01526,-0.01479,-0.009637,-0.012955,-0.016601,-0.014963,-0.017173,-0.011209,-0.013677,-0.01781,-0.01935,-0.024058,-0.022648,-0.014413,-0.014835,-0.018746,592070,7775030,1,5
Pixel.372,-0.001527,-0.000984,-4.90E-05,0.003695,0.000515,-0.005596,-0.000835,-0.000162,-0.010989,-0.000519,0.002579,-0.009888,-0.002691,-0.001225,-0.006537,-0.006034,-0.001899,-0.002905,-0.006362,-0.0061,-0.006154,-0.002193,-0.002601,-0.009275,-0.004859,-0.005104,-0.003612,-0.006279,-0.007593,-0.013097,-0.006836,-0.008721,-0.012181,-0.012128,-0.009802,-0.006406,-0.005451,-0.011272,-0.007464,-0.010194,-0.00618,-0.013178,-0.007812,-0.016328,592050,7775010,6,5
Pixel.381,0.002838,0.001788,0.003084,0.002956,0.001639,-0.001744,-0.002366,-0.002409,-0.003834,-0.003772,-0.004034,-0.009437,-0.005536,-0.005907,-0.009188,-0.006344,-0.010371,-0.006666,-0.01086,-0.008482,-0.009038,-0.006968,-0.006412,-0.010404,-0.009685,-0.008112,-0.008207,-0.011277,-0.011488,-0.009249,-0.010305,-0.010736,-0.014644,-0.010748,-0.011195,-0.004982,-0.008676,-0.012484,-0.01216,-0.013944,-0.012683,-0.010418,-0.011261,-0.012539,592070,7775010,1,5
Pixel.311,-4.60E-05,0.004449,-0.005845,0.002416,0.005955,-0.00338,0.002133,-0.000232,0.000287,-0.007975,-0.001172,-0.002707,0.00044,-0.001381,-0.000329,-0.000989,-0.006463,-4.40E-05,-0.005009,-0.000412,-0.005011,-0.005569,-0.000907,-0.006086,-0.000891,-0.003156,-0.002887,-0.007877,-0.008731,-0.006607,-0.002261,-0.007667,-0.003874,-0.005849,-0.004199,-4.30E-05,-0.007387,-0.009952,-0.012385,-0.010034,-0.009329,-0.006694,-0.006473,-0.008105,592390,7775210,2,6
Pixel.47,0.001154,-0.001122,-0.004033,0.01708,0.002344,-0.001125,-0.003323,-0.004109,-0.00949,-0.012719,0.005811,-0.002312,-0.006197,0.002509,-0.007891,-0.008004,-0.00728,-0.006182,-0.007204,-0.01033,-0.006064,-0.010977,-0.004631,0.002262,-0.009857,-0.000188,-0.005249,-0.007028,-0.004057,-0.00248,-0.005681,-0.006451,-0.008277,-0.004912,-0.005303,-0.00234,-0.014032,-0.018605,-0.009361,-0.015106,-0.007452,-0.006438,-0.013756,-0.015741,592330,7775190,1,6
Pixel.52,0.000917,-0.005813,-0.002505,0.016541,0.003105,0.006316,0.005358,-0.005375,0.000638,-0.010834,-0.006554,-0.005575,-0.003785,-0.000298,-0.00872,-0.002505,0.002585,-0.008947,-0.009403,-0.002471,-0.011106,-0.011034,-0.009379,-0.0086,-0.010661,-0.011977,-0.011144,-0.023508,-0.007227,0.000913,-0.012713,-0.01231,-0.010157,-0.00886,-0.00604,0.000802,-0.018372,-0.011786,-0.008723,-0.027249,-0.012019,-0.018238,-0.012973,-0.013478,592350,7775190,1,6
Pixel.83,-0.002426,-0.004134,-0.001506,0.004192,-0.001161,0.005329,0.002712,-0.005426,-0.013444,-0.006042,-0.002409,-0.003393,-0.009207,-0.002044,-0.008531,-0.006562,0.009184,-0.010613,-0.012285,-0.008403,-0.009151,-0.014152,-0.006915,-0.013207,-0.004944,-0.007383,-0.01142,-0.01586,-0.016924,0.0071,-0.006622,-0.012402,-0.010705,-0.011588,-0.012313,-0.015936,-0.016826,-0.01368,-0.01105,-0.007454,-0.016577,-0.024798,-0.016626,-0.021272,592410,7775190,2,6
Pixel.93,0.000796,-0.001305,0.005086,-0.014835,-0.000127,0.006682,-0.003996,-0.000379,-0.002974,-0.00649,0.003298,0.004235,-0.003334,-0.002516,-0.005915,-0.004291,-0.007523,-0.008578,-0.000702,-0.003103,-0.00344,-0.004616,-0.00351,-0.002495,-0.003563,-0.006134,-0.009245,-0.022115,-0.013017,-0.014646,-0.01321,-0.01038,-0.014922,-0.008777,-0.004599,-0.010558,-0.010822,-0.008358,-0.011153,-0.01337,-0.013818,-0.003705,-0.011819,-0.017777,592310,7775170,2,6
Pixel.101,0.003742,-0.00573,-0.010727,0.002105,0.006034,0.002876,0.005135,-0.00497,-0.003071,-0.007794,-0.003882,-0.002885,-0.005717,-0.002188,-0.008462,-0.003493,-0.000684,0.000941,-0.006284,-0.000533,-0.012563,-0.006444,-0.005082,-0.003888,0.000371,-0.00371,-0.008663,-0.016243,-0.007548,-0.008041,-0.006711,-0.012446,-0.006536,-0.008031,-0.009662,0.002467,-0.013342,-0.010446,-0.008688,-0.006509,-0.010764,-0.012412,-0.011677,-0.020985,592330,7775170,2,6
Pixel.14,0.00274,0.000419,-0.003926,0.025864,0.00583,-0.00164,-0.004175,-0.006773,-0.006951,-0.004323,-0.002649,0.003048,-0.003854,-0.003024,-0.001767,-0.006982,-0.01027,-0.002221,-0.006803,-0.00119,-0.007669,-0.005716,-0.010203,-0.010607,-0.00272,-0.005385,-0.008888,-0.020116,-0.012936,-0.009301,-0.013859,-0.014319,-0.003124,-0.006656,-0.003883,-0.014423,-0.01332,-0.009811,-0.006228,-0.015342,-0.011085,-0.015434,-0.00751,-0.000557,592410,7775170,2,6
Pixel.151,0.005305,0.009625,-0.005334,0.012133,3.70E-05,-0.008099,-0.00221,-0.008908,-0.002607,0.000634,-0.003404,0.003357,-0.00264,0.006663,-0.003463,0.003054,-0.003782,-0.001639,-0.003008,-0.000974,-0.005482,-0.005312,-0.003186,-0.006751,0.000781,0.000623,-0.001731,-0.010886,-0.007268,-0.008245,0.000923,-0.004471,0.00105,0.001781,-0.004525,-0.003557,-0.010942,-0.00955,-0.006532,-0.005652,-0.010393,-0.004805,-0.000717,-0.012903,592430,7775170,3,6
Pixel.163,-0.006141,-0.001623,-0.006364,0.010575,0.000615,0.00434,0.002948,-0.002128,-0.001164,-0.001175,-0.002382,0.002551,0.00187,0.002574,-0.003676,-0.002565,-0.007067,0.000904,-0.000963,-0.001194,-0.001697,-0.002565,-0.004476,-0.006278,-0.002049,-0.01045,-0.008544,-0.020481,0.001743,-0.001043,0.002949,0.00212,0.001663,0.003813,-0.002671,0.010169,-0.001655,0.001938,-0.004939,-0.006014,-0.006322,0.005121,-0.006699,-0.006407,592310,7775150,8,6
Pixel.192,-0.002747,-0.004691,-0.004327,0.001598,0.002656,0.004413,0.002356,-0.007735,0.013138,-0.001215,-0.002812,0.000749,-0.000953,0.000387,-0.004643,-0.00823,-0.003395,-0.002001,-0.006697,-0.001902,-0.001088,-0.006073,0.004871,-0.003874,0.007235,-0.006409,-0.002839,-0.00441,0.002793,-0.0048,-0.003079,-0.007691,-0.006293,0.002577,-0.001893,-0.005697,-0.007798,-0.003957,-0.005117,-0.004246,-0.009294,-0.010155,-0.004951,-0.009436,592370,7775150,5,6
Pixel.213,0.003502,0.010173,0.004659,-0.002831,0.001858,-0.004173,-0.01077,-0.005091,-0.003602,0.001524,-0.000134,5.40E-05,0.006515,-0.004407,-0.010999,-0.000453,-0.006406,-0.002168,0.003991,0.002598,-0.002923,-0.000579,-0.00289,-0.007337,-0.004249,-0.004979,-0.002539,-0.015381,-0.007319,-0.006876,-0.001317,-0.008648,-0.01147,0.003138,-0.009186,-0.004962,-0.004195,-0.000632,-0.003571,-0.006381,-0.004004,-0.00584,-0.00589,-0.010005,592410,7775150,6,6
Pixel.221,-0.002399,0.005699,-0.010046,0.000169,0.003006,0.000591,-0.006626,-0.005035,-0.003522,-0.005181,0.006454,0.002513,0.003563,-0.002939,-0.002584,0.000514,0.007601,-0.010745,-0.002673,0.000278,-0.00117,-0.003425,-0.00671,-0.003023,-0.003546,-0.001528,0.002933,2.00E-06,0.001242,0.003645,-0.003356,-0.009453,-0.008815,-0.001089,0.006158,0.002867,-0.008688,0.000426,-0.004126,-0.003122,-0.001291,-0.00391,0.00361,-0.005556,592430,7775150,7,6
Pixel.281,0.007881,0.002739,-0.007822,-0.00537,0.001365,0.001105,-0.006258,-0.001035,0.007742,-0.005404,0.0017,-0.007374,-0.005589,0.002282,-0.008006,-0.0019,-0.005054,-0.004232,-0.017099,-0.005986,-0.007613,0.002534,-0.005315,-0.008243,-0.000794,-0.001294,0.000977,-0.021568,-0.005264,-0.00476,-0.002855,-0.010141,-0.008368,-0.003783,-0.00463,0.001555,-0.010822,-0.007666,-0.019389,-0.013201,-0.022188,-0.009304,-0.012322,-0.010845,592410,7775130,2,6
Pixel.322,0.002476,0.000972,-0.003505,0.002821,0.004282,0.009152,-0.00074,-0.00275,-0.000933,-0.005547,-0.002446,-0.004084,-0.006303,0.001252,-0.003968,-0.002831,-0.005612,-0.004779,-0.00298,-0.004294,-0.007373,-0.008282,-0.004455,-0.006976,-0.001859,-0.002549,-0.002799,-0.006091,-0.009601,-0.005369,-0.005599,-0.007061,-0.011387,-0.009719,-0.006098,-0.003203,-0.010555,-0.010907,-0.008154,-0.009956,-0.012321,-0.006904,-0.004738,-0.00739,592370,7775110,1,6
